﻿<?xml version="1.0" encoding="utf-8" ?>
<resources>
  <!--
        Base application theme for API 21+. This theme completely replaces
        MyTheme from BOTH res/values/styles.xml on API 21+ devices.
    -->
  <style name="Theme.ContosoInsurance" parent="Theme.ContosoInsurance.Base">

    <item name="android:windowDrawsSystemBarBackgrounds">true</item>
    <item name="android:statusBarColor">@android:color/transparent</item>
  </style>

  <style name="Theme.Splash" parent="android:Theme">
    <item name="android:windowTranslucentNavigation">true</item>
    <item name="android:windowDrawsSystemBarBackgrounds">true</item>
    <item name="android:statusBarColor">@android:color/transparent</item>
  </style>
</resources>
