﻿<?xml version="1.0" encoding="utf-8"?>
<resources>
  <color name="statusBarColor">#0354F8</color>
  <color name="primary">#256bF9</color>
  <color name="primaryDark">#0354F8</color>
  <color name="accent">#7635EB</color>
  <color name="lightPrimary">#B3E5FC</color>
  <color name="textIcon">#FFFFFF</color>
  <color name="primaryText">#212121</color>
  <color name="secondaryText">#727272</color>
  <color name="divider">#B6B6B6</color>
  <color name="activated_color">#E8E8E8</color>
  <color name="window_background">#FFFFFF</color>
</resources>